name,gender,NI_AppRank
AALIYAH,F,common
AARON,M,basic
ABAIGH,F,rare
ABBEY,F,basic
ABBI,F,common
ABBIE,F,basic
ABBY,F,basic
ABDALLAH,M,rare
ABDUL,M,rare
ABDULLAH,M,rare
ABEL,M,uncommon
ABI,F,common
ABIGAIL,F,basic
ABRAHAM,M,rare
ADA,F,rare
ADAM,M,basic
ADAS,M,rare
ADDISON,M,rare
ADDISON,F,uncommon
ADELE,F,common
ADEN,M,rare
ADRIAN,M,basic
ADRIANA,F,rare
ADRIANNA,F,uncommon
AEDAN,M,uncommon
AGATA,F,rare
AGNE,F,rare
AHMAD,M,rare
AHMED,M,uncommon
AIBHLINN,F,rare
AIDA,F,rare
AIDAN,M,basic
AIDEEN,F,common
AIDEN,M,basic
AILBHE,F,rare
AILEEN,F,uncommon
AILIS,F,rare
AILISE,F,rare
AILISH,F,rare
AILSA,F,rare
AIME,F,rare
AIMEE,F,basic
AIMIE,F,rare
AINE,F,basic
AIOBHEANN,F,rare
AIRONAS,M,rare
AISHA,F,uncommon
AISHLING,F,rare
AISHLINN,F,rare
AISLEEN,F,rare
AISLIN,F,rare
AISLING,F,basic
AISLINN,F,basic
AIVARAS,M,rare
AJ,M,rare
AJAY,M,rare
ALAN,M,basic
ALANA,F,basic
ALANAH,F,rare
ALANIS,F,rare
ALANNA,F,basic
ALANNAH,F,basic
ALASDAIR,M,rare
ALASTAIR,M,uncommon
ALAYA,F,rare
ALAYNA,F,rare
ALBA,F,rare
ALBERT,M,uncommon
ALBIE,M,rare
ALEAH,F,rare
ALEC,M,uncommon
ALECIA,F,rare
ALEESHA,F,rare
ALEISHA,F,rare
ALEKSANDER,M,uncommon
ALEKSANDRA,F,uncommon
ALESHA,F,common
ALEX,M,basic
ALEX,F,basic
ALEXA,F,uncommon
ALEXANDER,M,basic
ALEXANDRA,F,basic
ALEXANDRE,M,rare
ALEXANDRIA,F,common
ALEXIA,F,rare
ALEXIS,F,common
ALEYNA,F,rare
ALFIE,M,common
ALFRED,M,uncommon
ALI,M,uncommon
ALICE,F,basic
ALICIA,F,basic
ALICJA,F,uncommon
ALISHA,F,basic
ALISON,F,common
ALISSA,F,rare
ALISTAIR,M,common
ALISTER,M,rare
ALIVIA,F,rare
ALIX,F,uncommon
ALIYA,F,rare
ALIYAH,F,uncommon
ALLAN,M,rare
ALLIE,F,rare
ALLISTER,M,rare
ALLY,F,rare
ALVIN,M,rare
ALYSHA,F,uncommon
ALYSON,F,rare
ALYSSA,F,common
AMALIA,F,rare
AMANDA,F,common
AMAYA,F,rare
AMBER,F,basic
AMELIA,F,basic
AMELIE,F,common
AMI,F,rare
AMIE,F,common
AMIEE,F,rare
AMINA,F,rare
AMIR,M,rare
AMIRA,F,uncommon
AMIRAH,F,rare
AMY,F,basic
ANA,F,common
ANABELLE,F,rare
ANAIS,F,rare
ANASTACIA,F,rare
ANASTASIA,F,rare
ANASTAZJA,F,rare
ANDRE,M,rare
ANDREA,F,basic
ANDREJA,F,rare
ANDREW,M,basic
ANDY,M,rare
ANGEL,F,basic
ANGELA,F,common
ANGELICA,F,rare
ANGELINA,F,uncommon
ANGELO,M,rare
ANGUS,M,basic
ANITA,F,rare
ANN,F,uncommon
ANNA,F,basic
ANNABEL,F,common
ANNABELLA,F,uncommon
ANNABELLE,F,common
ANNALIESE,F,rare
ANNALISE,F,uncommon
ANNE,F,common
ANNIE,F,basic
ANTHONY,M,basic
ANTOIN,M,uncommon
ANTOINETTE,F,rare
ANTON,M,common
ANTONI,M,uncommon
ANTONIA,F,common
ANTONINA,F,rare
ANTONIO,M,rare
ANTONY,M,rare
ANYA,F,common
AOBH,F,rare
AOBHA,F,rare
AODAN,M,rare
AODH,M,rare
AODHAN,M,basic
AOIBH,F,common
AOIBHE,F,common
AOIBHEANN,F,basic
AOIBHIN,F,basic
AOIBHINN,F,basic
AOIFE,F,basic
AOISE,F,rare
APRIL,F,common
ARABELLA,F,uncommon
ARAN,M,rare
ARCHIBALD,M,rare
ARCHIE,M,common
ARFHLAITH,F,rare
ARIA,F,rare
ARIAH,F,rare
ARIANA,F,uncommon
ARIANNA,F,common
ARIANNE,F,rare
ARIJUS,M,rare
ARINA,F,rare
ARJUN,M,rare
ARLA,F,rare
ARLAITH,F,rare
ARLO,M,rare
ARMANDAS,M,rare
ARMIN,M,rare
ARNAS,M,rare
ARON,M,uncommon
ARONAS,M,rare
ARRAN,M,rare
ARRON,M,rare
ARTHUR,M,common
ARTUR,M,rare
ARWEN,F,rare
ARYA,F,rare
ARYAN,M,rare
ASHA,F,uncommon
ASHER,M,rare
ASHLEIGH,F,common
ASHLENE,F,rare
ASHLEY,M,common
ASHLEY,F,common
ASHLING,F,rare
ASHLYN,F,rare
ASHTON,M,common
ASHTON,F,rare
ASTON,M,uncommon
ATHENA,F,rare
ATLANTA,F,rare
AUBREE,F,rare
AUGUSTE,F,rare
AURORA,F,rare
AUSTEJA,F,rare
AUSTIN,M,common
AUTUMN,F,common
AVA,F,common
AVEEN,F,rare
AVERY,M,rare
AVERY,F,rare
AYDA,F,rare
AYDEN,M,rare
AYESHA,F,rare
AYLA,F,uncommon
AYVA,F,rare
BAILEY,M,basic
BAILEY,F,uncommon
BAILIE,M,common
BAILIE,F,rare
BARNEY,M,rare
BARRA,M,uncommon
BARRY,M,basic
BARTOSZ,M,uncommon
BEATRICE,F,uncommon
BEAU,M,uncommon
BEAU,F,rare
BECKY,F,rare
BEIBHINN,F,rare
BELLA,F,uncommon
BELLE,F,uncommon
BEN,M,basic
BENAS,M,rare
BENEDICT,M,rare
BENJAMIN,M,basic
BENN,M,rare
BENTLEY,M,rare
BERNADETTE,F,uncommon
BERNARD,M,common
BERTIE,M,rare
BETH,F,basic
BETHAN,F,common
BETHANY,F,basic
BETTY,F,rare
BIANCA,F,rare
BIANKA,F,rare
BILLIE,F,common
BILLY,M,basic
BLAIN,M,rare
BLAINE,M,common
BLAIR,M,uncommon
BLAITHIN,F,common
BLAKE,M,basic
BLANAID,F,uncommon
BLANKA,F,rare
BLATHNAID,F,basic
BOBBI,F,uncommon
BOBBIE,F,rare
BOBBY,M,common
BONNIE,F,common
BORIS,M,rare
BORYS,M,rare
BOSTON,M,rare
BRAD,M,uncommon
BRADAN,M,rare
BRADEN,M,rare
BRADLEE,M,rare
BRADLEY,M,basic
BRADY,M,rare
BRAEDEN,M,rare
BRANDAN,M,rare
BRANDON,M,basic
BRANNAGH,F,rare
BRAXTON,M,rare
BRAYDEN,M,rare
BREA,F,rare
BREANDAN,M,uncommon
BREANNA,F,uncommon
BRENDA,F,rare
BRENDAN,M,basic
BRENNA,F,uncommon
BRENT,M,rare
BRETT,M,uncommon
BRIAN,M,basic
BRIANNA,F,basic
BRIANNE,F,rare
BRID,F,rare
BRIDGET,F,uncommon
BRIDIN,F,rare
BRIEGE,F,rare
BRIGID,F,uncommon
BRITNEY,F,rare
BRITTANY,F,rare
BRITTNEY,F,rare
BRODIE,M,common
BRODY,M,common
BROGAN,M,common
BROGAN,F,common
BROGHAN,F,rare
BRONA,F,uncommon
BRONACH,F,rare
BRONAGH,F,basic
BRONWEN,F,rare
BRONWYN,F,rare
BROOKE,F,basic
BROOKLYN,M,basic
BROOKLYN,F,common
BROOKLYNN,F,rare
BRUCE,M,rare
BRUNO,M,rare
BRYAN,M,common
BRYCE,M,rare
BRYN,M,uncommon
BRYONY,F,rare
BRYSON,M,rare
BYRON,M,rare
CABHAN,M,rare
CADAIN,M,rare
CADAN,M,rare
CADEN,M,common
CADHAN,M,rare
CADHLA,F,common
CAEDAN,M,rare
CAEL,M,rare
CAELA,F,rare
CAELAINN,F,rare
CAELAN,M,basic
CAELUM,M,rare
CAHAL,M,uncommon
CAHAN,M,rare
CAHIR,M,basic
CAI,M,uncommon
CAIDAN,M,uncommon
CAIDEN,M,common
CAIDIN,M,rare
CAILA,F,rare
CAILEAN,M,uncommon
CAILEIGH,F,rare
CAILIN,F,uncommon
CAILUM,M,uncommon
CAILYN,F,rare
CAIN,M,basic
CAIOMHE,F,rare
CAISLIN,F,rare
CAIT,F,common
CAITHLIN,F,uncommon
CAITI,F,rare
CAITILIN,F,rare
CAITLAIN,F,rare
CAITLIN,F,basic
CAITLYN,F,basic
CAITRIONA,F,common
CAL,M,common
CALEB,M,basic
CALEIGH,F,rare
CALI,F,rare
CALLAN,M,common
CALLEIGH,F,rare
CALLIE,F,uncommon
CALLUM,M,basic
CALUM,M,basic
CALVIN,M,basic
CAMERON,M,basic
CAMERON,F,rare
CAMPBELL,M,rare
CANDICE,F,rare
CANICE,M,rare
CAODHAN,M,uncommon
CAOILAINN,F,rare
CAOILFHIONN,F,rare
CAOILTE,M,rare
CAOIMHE,F,basic
CAOIMHIN,M,basic
CAOIMHLIN,F,rare
CAOLA,F,rare
CAOLAIN,M,rare
CAOLAN,M,basic
CAOLIN,M,rare
CAOMHAN,M,common
CAPRICE,F,rare
CARA,F,basic
CARAGH,F,basic
CARIS,F,rare
CARL,M,common
CARLA,F,basic
CARLEY,F,rare
CARLIE,F,rare
CARLO,M,rare
CARLOS,M,rare
CARLY,F,basic
CARMEL,F,rare
CARMEN,F,rare
CAROL,F,rare
CAROLINE,F,common
CAROLYN,F,rare
CARRAGH,F,uncommon
CARRAIG,M,rare
CARRIE,F,common
CARSON,M,common
CARTER,M,basic
CARYS,F,common
CASEY,M,common
CASEY,F,basic
CASIE,F,rare
CASPER,M,rare
CASSANDRA,F,rare
CASSIDY,F,rare
CASSIE,F,basic
CATE,F,rare
CATELYN,F,rare
CATHAIN,M,rare
CATHAIR,M,basic
CATHAL,M,basic
CATHAN,M,uncommon
CATHAOIR,M,common
CATHERINE,F,basic
CATHRYN,F,rare
CATHY,F,rare
CATRINA,F,rare
CATRIONA,F,uncommon
CAYDEN,M,uncommon
CAYLA,F,uncommon
CEALLACH,F,rare
CEARA,F,rare
CEILI,F,rare
CEIN,M,rare
CELINE,F,rare
CERYS,F,common
CHAD,M,rare
CHANELLE,F,uncommon
CHANTEL,F,rare
CHANTELLE,F,common
CHARDONNAY,F,rare
CHARIS,F,common
CHARLEE,F,rare
CHARLENE,F,uncommon
CHARLES,M,basic
CHARLEY,M,uncommon
CHARLEY,F,basic
CHARLI,F,rare
CHARLIE,M,basic
CHARLIE,F,basic
CHARLIZE,F,rare
CHARLOTTE,F,basic
CHARLY,M,rare
CHARLY,F,rare
CHARMAINE,F,rare
CHASE,M,rare
CHE,M,basic
CHELSEA,F,basic
CHELSEY,F,common
CHELSIE,F,rare
CHELSY,F,rare
CHERIE,F,rare
CHERITH,F,rare
CHEYANNE,F,rare
CHEYENNE,F,rare
CHLOE,F,basic
CHOLE,F,rare
CHRIS,M,uncommon
CHRISTIAN,M,basic
CHRISTIE,M,rare
CHRISTINA,F,basic
CHRISTINE,F,common
CHRISTOPHER,M,basic
CHRISTY,M,uncommon
CIAN,M,basic
CIANAN,M,uncommon
CIANNA,F,rare
CIARA,F,basic
CIARAN,M,basic
CIARNAN,M,uncommon
CIARON,M,rare
CIARRAI,F,common
CIEARA,F,rare
CILLIAN,M,basic
CINDY,F,rare
CLAIRE,F,basic
CLARA,F,basic
CLARAGH,F,rare
CLARE,F,basic
CLARISSA,F,rare
CLARK,M,rare
CLARKE,M,uncommon
CLAUDIA,F,basic
CLAUDINE,F,rare
CLAYTON,M,rare
CLEO,F,rare
CLIFFORD,M,rare
CLIODHNA,F,basic
CLIONA,F,basic
CLODAGH,F,basic
COBHLAITH,F,rare
COBY,M,uncommon
CODEY,M,rare
CODI,M,rare
CODI,F,rare
CODIE,M,uncommon
CODIE,F,common
CODY,M,basic
CODY,F,uncommon
COEN,M,rare
COHAN,M,rare
COHEN,M,common
COIST,M,rare
COLBY,M,rare
COLE,M,common
COLEEN,F,rare
COLIN,M,basic
COLLEEN,F,basic
COLLETTE,F,rare
COLM,M,basic
COLTON,M,rare
COLUM,M,uncommon
CONAILL,M,rare
CONAIRE,M,rare
CONAL,M,basic
CONALL,M,basic
CONAN,M,basic
CONCHOR,M,rare
CONCHUR,M,uncommon
CONLAN,M,rare
CONLETH,M,common
CONN,M,common
CONNAIRE,M,rare
CONNALL,M,rare
CONNELL,M,rare
CONNIE,F,basic
CONNLA,M,rare
CONNLAODH,M,rare
CONNLAOTH,M,rare
CONNOR,M,basic
CONOR,M,basic
CONRAD,M,common
CONSTANCE,F,rare
COOPER,M,uncommon
CORA,F,basic
CORAGH,F,rare
CORAN,M,uncommon
CORBIN,M,rare
CORBYN,M,rare
COREY,M,basic
CORI,M,rare
CORIN,M,uncommon
CORINA,F,rare
CORINNE,F,rare
CORMAC,M,basic
CORRAN,M,rare
CORRIE,M,uncommon
CORRIE,F,rare
CORRINA,F,rare
CORTNEY,F,rare
CORY,M,basic
COURTENEY,F,rare
COURTNEY,F,basic
CRAIG,M,basic
CRIOSTOIR,M,rare
CRISTIAN,M,rare
CRISTIN,F,rare
CRUZ,M,uncommon
CRYSTAL,F,uncommon
CUAN,M,uncommon
CUISLE,F,rare
CULANN,M,rare
CURTIS,M,basic
DAIBHIN,M,rare
DAIMHIN,M,rare
DAIRE,M,basic
DAIRE,F,rare
DAIRINE,F,rare
DAISY,F,basic
DAITHI,M,common
DAKOTA,F,common
DALE,M,common
DALEY,M,rare
DALLAN,M,rare
DALTON,M,rare
DAMHAN,M,rare
DAMIAN,M,common
DAMIEN,M,basic
DAMON,M,rare
DAN,M,common
DANA,F,rare
DANANN,M,rare
DANAS,M,rare
DANE,M,rare
DANI,F,rare
DANICA,F,rare
DANIEL,M,basic
DANIELA,F,rare
DANIELE,F,rare
DANIELIS,M,rare
DANIELIUS,M,rare
DANIELLA,F,uncommon
DANIELLE,F,basic
DANIKA,F,rare
DANNI,F,uncommon
DANNY,M,basic
DANTE,M,rare
DANYL,M,rare
DARA,M,basic
DARA,F,common
DARACH,M,rare
DARAGH,M,common
DARCEY,F,common
DARCI,F,uncommon
DARCIE,F,common
DARCY,M,rare
DARCY,F,basic
DARIA,F,rare
DARIUS,M,rare
DARLA,F,rare
DARRA,M,rare
DARRAGH,M,basic
DARRAGH,F,rare
DARRELL,M,rare
DARREN,M,basic
DARRYL,M,common
DARYL,M,common
DAVID,M,basic
DAVIN,M,rare
DAVINA,F,rare
DAWID,M,uncommon
DAWN,F,rare
DAWSON,M,common
DAYNA,F,rare
DEACON,M,rare
DEAGLAN,M,common
DEAN,M,basic
DEANE,M,rare
DEARBHAIL,F,uncommon
DEARBHAILE,F,uncommon
DEARBHLA,F,basic
DEBBIE,F,rare
DEBORAH,F,common
DECLAN,M,basic
DEIRBHILE,F,common
DELILAH,F,rare
DELPHINE,F,rare
DEMI,F,basic
DENIS,M,common
DENISE,F,uncommon
DENNIS,M,rare
DENVER,M,uncommon
DENZEL,M,rare
DEON,M,rare
DEREK,M,rare
DERMOT,M,common
DERVLA,F,common
DESIREE,F,rare
DESMOND,M,uncommon
DESTINY,F,rare
DEVIN,M,rare
DEVON,M,uncommon
DEVON,F,rare
DEXTER,M,uncommon
DIANA,F,rare
DIANE,F,rare
DIARMAID,M,rare
DIARMUID,M,basic
DIEGO,M,rare
DILLAN,M,rare
DILLON,M,basic
DIOGO,M,rare
DION,M,uncommon
DION,F,rare
DIONNE,F,uncommon
DIYAR,M,rare
DOMAS,M,rare
DOMHNALL,M,rare
DOMINIC,M,basic
DOMINIK,M,common
DOMINIKA,F,rare
DOMINYKAS,M,uncommon
DON,M,rare
DONAL,M,basic
DONNA,F,rare
DONNACH,M,rare
DONNACHA,M,uncommon
DONNCHA,M,uncommon
DONNCHADH,M,rare
DONOVAN,M,rare
DORIAN,M,rare
DOUGLAS,M,rare
DOVYDAS,M,rare
DREW,M,basic
DREW,F,rare
DUALTA,M,rare
DUBHALTACH,M,rare
DUNCAN,M,rare
DYLAN,M,basic
DYLON,M,rare
EABHA,F,common
EADAOIN,F,basic
EAMON,M,basic
EAMONN,M,basic
EATHAN,M,rare
EBEN,M,rare
EBONY,F,basic
EDDIE,M,uncommon
EDEL,F,uncommon
EDEN,M,rare
EDEN,F,basic
EDIE,F,uncommon
EDITH,F,rare
EDMUND,M,rare
EDUARD,M,rare
EDWARD,M,basic
EDWIN,M,rare
EFFIE,F,rare
EIBHLEANN,F,rare
EIBHLIN,F,uncommon
EILE,F,rare
EILEEN,F,common
EILIDH,F,uncommon
EILIS,F,common
EILISE,F,rare
EILISH,F,uncommon
EIMANTAS,M,rare
EIMEAR,F,basic
EIMER,F,uncommon
EIMHEAR,F,basic
EIMILE,F,rare
EININ,F,rare
EIRE,F,rare
EIREANN,F,basic
EIRINN,F,common
ELA,F,rare
ELAINE,F,rare
ELANA,F,rare
ELAYNA,F,rare
ELEANOR,F,basic
ELENA,F,common
ELI,M,common
ELIANA,F,rare
ELIANNA,F,rare
ELIAS,M,rare
ELIJA,F,rare
ELIJAH,M,common
ELIN,F,rare
ELINOR,F,rare
ELISE,F,basic
ELISHA,F,basic
ELIZA,F,common
ELIZABETH,F,basic
ELLA,F,basic
ELLE,F,basic
ELLEN,F,basic
ELLIE,F,basic
ELLIOT,M,common
ELLIOTT,M,basic
ELLIS,M,common
ELLIS,F,rare
ELOISE,F,basic
ELSA,F,uncommon
ELSIE,F,uncommon
ELYSE,F,rare
EMA,F,uncommon
EMELI,F,rare
EMELIA,F,uncommon
EMELIE,F,rare
EMER,F,basic
EMIL,M,rare
EMILEE,F,uncommon
EMILIA,F,common
EMILIE,F,common
EMILIJA,F,uncommon
EMILIS,M,rare
EMILY,F,basic
EMMA,F,basic
EMMANUEL,M,rare
EMME,F,uncommon
EMMELINE,F,rare
EMMET,M,basic
EMMETT,M,basic
EMMIE,F,uncommon
EMMY,F,rare
ENDA,M,basic
ENNA,F,rare
ENYA,F,basic
ENZO,M,rare
EOGHAIN,M,rare
EOGHAN,M,basic
EOIN,M,basic
EOLANN,M,rare
ERIC,M,common
ERICA,F,common
ERIK,M,rare
ERIKA,F,common
ERIKAS,M,rare
ERIN,F,basic
ERINN,F,common
ERYK,M,rare
ERYN,F,uncommon
ESMAE,F,rare
ESME,F,uncommon
ESMEE,F,rare
ESTHER,F,basic
ETAIN,F,rare
ETHAN,M,basic
EUAN,M,basic
EUGENE,M,common
EUNAN,M,basic
EVA,F,basic
EVAN,M,basic
EVANGELINE,F,rare
EVANNA,F,rare
EVE,F,basic
EVELINA,F,rare
EVELYN,F,common
EVIE,F,basic
EWA,F,rare
EWAN,M,basic
EZRA,M,rare
FABIAN,M,uncommon
FAE,F,rare
FAINCHE,F,rare
FAITH,F,basic
FAOLAN,M,uncommon
FARAH,F,uncommon
FARRAH,F,common
FATIMA,F,rare
FAY,F,rare
FAYE,F,basic
FEARGAL,M,rare
FEARGHAL,M,common
FEIDHLIM,M,rare
FELICITY,F,uncommon
FELIX,M,common
FERGAL,M,common
FERGUS,M,common
FIA,F,uncommon
FIACHRA,M,common
FIADH,F,uncommon
FIANNA,F,common
FILIP,M,uncommon
FINBAR,M,uncommon
FINBARR,M,rare
FINIAN,M,rare
FINLAY,M,common
FINLAY,F,rare
FINLEY,M,common
FINN,M,basic
FINNEN,M,rare
FINNIAN,M,rare
FINTAN,M,basic
FIONA,F,basic
FIONAN,M,rare
FIONN,M,basic
FIONNAN,M,uncommon
FIONNBHARR,M,rare
FIONNTAN,M,basic
FIONNUALA,F,common
FIONTAN,M,uncommon
FLETCHER,M,rare
FLORENCE,F,uncommon
FLORIE,F,rare
FLYNN,M,common
FRANCES,F,uncommon
FRANCESCA,F,basic
FRANCIS,M,basic
FRANCISCO,M,rare
FRANCISZEK,M,uncommon
FRANK,M,common
FRANKIE,M,common
FRANKIE,F,rare
FRANKLIN,M,rare
FRASER,M,common
FRAZER,M,common
FRED,M,rare
FREDDIE,M,common
FREDDY,M,rare
FREDERICK,M,common
FREYA,F,common
FREYJA,F,rare
FYNN,M,rare
GABIJA,F,rare
GABRIEL,M,basic
GABRIELA,F,common
GABRIELE,F,uncommon
GABRIELLA,F,common
GABRIELLE,F,basic
GARBHAN,M,rare
GARETH,M,basic
GARRETT,M,rare
GARRY,M,rare
GARTH,M,rare
GARY,M,basic
GAVIN,M,common
GEAROID,M,uncommon
GEMMA,F,basic
GENEVIEVE,F,rare
GEOFFREY,M,rare
GEORGE,M,basic
GEORGIA,F,basic
GEORGIE,F,uncommon
GEORGINA,F,common
GER,M,rare
GERALD,M,uncommon
GERALDINE,F,uncommon
GERARD,M,basic
GERI,F,rare
GERRY,M,rare
GETHIN,M,rare
GIANNA,F,rare
GILES,M,rare
GILLIAN,F,uncommon
GINA,F,rare
GINO,M,rare
GIOVANNI,M,rare
GLEN,M,common
GLENN,M,common
GLYN,M,rare
GODA,F,rare
GORDON,M,rare
GRACE,F,basic
GRACIE,F,common
GRAEME,M,rare
GRAHAM,M,uncommon
GRAINNE,F,basic
GRANT,M,uncommon
GRAYSON,M,rare
GREG,M,rare
GREGOR,M,rare
GREGORY,M,uncommon
GRETA,F,rare
GUSTAS,M,rare
GUY,M,rare
HAILEY,F,uncommon
HAILIE,F,rare
HALEY,F,uncommon
HALLE,F,common
HALLIE,F,uncommon
HAMISH,M,rare
HANA,F,rare
HANNA,F,common
HANNAH,F,basic
HARLEY,M,common
HARLEY,F,uncommon
HARMONY,F,rare
HARPER,M,rare
HARPER,F,rare
HARRI,M,rare
HARRIET,F,common
HARRIS,M,uncommon
HARRISON,M,basic
HARRY,M,basic
HARVEY,M,basic
HASSAN,M,rare
HAYDEN,M,common
HAYDEN,F,rare
HAYDN,M,rare
HAYLEIGH,F,rare
HAYLEY,F,basic
HAZEL,F,rare
HEATH,M,rare
HEATHER,F,common
HEIDI,F,basic
HELEN,F,common
HELENA,F,common
HENRI,M,rare
HENRY,M,basic
HOLLIE,F,basic
HOLLY,F,basic
HONEY,F,rare
HONOR,F,uncommon
HOPE,F,basic
HUBERT,M,rare
HUDSON,M,rare
HUGH,M,basic
HUGHIE,M,rare
HUGO,M,common
HUNTER,M,uncommon
IAIN,M,uncommon
IAN,M,common
IARLA,M,rare
IARLAITH,M,rare
IBRAHIM,M,rare
IDA,F,rare
IDRIS,M,rare
IEUAN,M,rare
IEVA,F,rare
IGOR,M,uncommon
IMAN,F,rare
IMOGEN,F,basic
INDI,F,rare
INDIA,F,common
INDIE,F,rare
IONA,F,basic
IRIS,F,rare
ISAAC,M,basic
ISABEL,F,common
ISABELLA,F,basic
ISABELLE,F,common
ISAIAH,M,rare
ISIBEAL,F,rare
ISLA,F,common
ISOBEL,F,common
ISOBELLA,F,rare
ISOBELLE,F,rare
ISSAC,M,rare
IVAN,M,rare
IVO,M,rare
IVY,F,uncommon
IZAAC,M,rare
IZABELLA,F,rare
IZZY,F,rare
JAC,M,rare
JACE,M,rare
JACINTA,F,rare
JACK,M,basic
JACKIE,M,rare
JACKSON,M,basic
JACKY,M,rare
JACOB,M,basic
JACQUELINE,F,uncommon
JACQUES,M,rare
JADA,F,rare
JADE,F,basic
JADEN,M,uncommon
JADEN,F,rare
JAGODA,F,rare
JAI,M,uncommon
JAIDEN,M,uncommon
JAIME,M,rare
JAIME,F,rare
JAIMIE,M,rare
JAK,M,rare
JAKE,M,basic
JAKOB,M,uncommon
JAKUB,M,common
JAMES,M,basic
JAMIE,M,basic
JAMIE,F,common
JAN,M,uncommon
JANA,F,rare
JANE,F,basic
JANET,F,rare
JANICE,F,rare
JANINE,F,rare
JARED,M,uncommon
JARLATH,M,common
JASMIN,F,common
JASMINE,F,basic
JASON,M,basic
JASPER,M,rare
JAX,M,rare
JAXON,M,uncommon
JAXSON,M,uncommon
JAXX,M,rare
JAY,M,basic
JAYCE,M,rare
JAYDAN,M,rare
JAYDE,F,rare
JAYDEN,M,common
JAYDON,M,rare
JAYLA,F,rare
JAYNE,F,common
JAYSON,M,rare
JAZMIN,F,uncommon
JAZMINE,F,rare
JEAN,F,rare
JED,M,uncommon
JEFFREY,M,rare
JEMIMA,F,rare
JEMMA,F,common
JENA,F,rare
JENNA,F,basic
JENNI,F,uncommon
JENNIE,F,rare
JENNIFER,F,basic
JENNY,F,basic
JENSEN,M,uncommon
JENSON,M,common
JEREMY,M,rare
JEROME,M,uncommon
JERSEY,F,rare
JESSE,M,common
JESSE,F,rare
JESSICA,F,basic
JESSIE,F,common
JETHRO,M,rare
JETT,M,rare
JIA,M,rare
JIA,F,rare
JILL,F,common
JILLIAN,F,rare
JIM,M,uncommon
JIMMY,M,rare
JOANNA,F,basic
JOANNE,F,common
JOAO,M,rare
JODI,F,common
JODIE,F,basic
JODY,M,uncommon
JODY,F,uncommon
JOE,M,basic
JOEL,M,basic
JOEY,M,common
JOHANNA,F,uncommon
JOHN,M,basic
JOHNATHAN,M,common
JOHNATHON,M,rare
JOHNNIE,M,rare
JOHNNY,M,common
JOKUBAS,M,rare
JOLENE,F,rare
JOLIE,F,rare
JON,M,uncommon
JONAH,M,common
JONAS,M,uncommon
JONATHAN,M,basic
JONATHON,M,uncommon
JONI,F,rare
JONJO,M,rare
JONNY,M,rare
JORDAN,M,basic
JORDAN,F,uncommon
JORDON,M,uncommon
JORDYN,F,rare
JORGIA,F,rare
JORGIE,F,rare
JORIS,M,rare
JORJA,F,common
JOSE,M,rare
JOSEF,M,rare
JOSEPH,M,basic
JOSEPHINE,F,common
JOSH,M,basic
JOSHUA,M,basic
JOSIAH,M,uncommon
JOSIE,F,uncommon
JOSS,M,rare
JOY,F,common
JUDAH,M,rare
JUDE,M,basic
JUDE,F,uncommon
JUDITH,F,uncommon
JUDY,F,rare
JULIA,F,basic
JULIAN,M,rare
JULIANA,F,rare
JULIANNA,F,rare
JULIE,F,common
JULIET,F,rare
JULIETTE,F,uncommon
JUN,M,rare
JUNIOR,M,common
JUNO,F,rare
JUSTIN,M,basic
JUSTINAS,M,rare
JUSTINE,F,rare
KACEY,F,common
KACI,F,common
KACIE,F,uncommon
KACPER,M,common
KADE,M,rare
KADEN,M,uncommon
KADIE,F,rare
KADY,F,rare
KADYN,M,rare
KAELA,F,rare
KAELAH,F,rare
KAELUM,M,rare
KAI,M,basic
KAIA,F,rare
KAIDEN,M,uncommon
KAILA,F,rare
KAILEIGH,F,rare
KAILEY,F,rare
KAIN,M,uncommon
KAITLIN,F,basic
KAITLYN,F,basic
KAITLYNN,F,rare
KAIYA,F,rare
KAJA,F,rare
KAJUS,M,uncommon
KALEB,M,uncommon
KALEM,M,rare
KALI,F,rare
KALLIE,F,rare
KALLUM,M,rare
KALUM,M,rare
KALVIN,M,rare
KAMIL,M,rare
KAMILE,F,uncommon
KANE,M,common
KARA,F,basic
KAREN,F,common
KARINA,F,uncommon
KARIS,F,uncommon
KARL,M,basic
KARLA,F,common
KARLEY,F,rare
KARLIE,F,rare
KARLY,F,rare
KAROL,M,uncommon
KAROLINA,F,common
KARSON,M,rare
KARTER,M,rare
KARYS,F,rare
KASEY,F,uncommon
KASON,M,rare
KASSIE,F,rare
KATARZYNA,F,rare
KATE,F,basic
KATELIN,F,rare
KATELYN,F,basic
KATELYNN,F,rare
KATHARINE,F,rare
KATHERINE,F,basic
KATHLEEN,F,basic
KATHRYN,F,basic
KATHY,F,rare
KATIE,F,basic
KATLYN,F,uncommon
KATRINA,F,uncommon
KATY,F,basic
KAYA,F,rare
KAYCEE,F,rare
KAYDEN,M,uncommon
KAYDEN,F,rare
KAYLA,F,basic
KAYLAH,F,rare
KAYLEB,M,rare
KAYLEE,F,uncommon
KAYLEIGH,F,basic
KAYLEY,F,rare
KAYNE,M,rare
KAYTLIN,F,rare
KEAGAN,M,rare
KEALAN,M,common
KEALEIGH,F,rare
KEANE,M,rare
KEATON,M,rare
KEEGAN,M,uncommon
KEELA,F,uncommon
KEELAN,M,basic
KEELEY,F,common
KEELIN,M,uncommon
KEELY,F,common
KEENAN,M,uncommon
KEEVA,F,basic
KEEVAN,M,rare
KEILA,F,rare
KEIRA,F,common
KEISHA,F,uncommon
KEITH,M,common
KEL,M,rare
KELAN,M,uncommon
KELIS,F,rare
KELLIE,F,common
KELLY,F,common
KELSEY,F,basic
KELSI,F,rare
KELSIE,F,common
KELVIN,M,uncommon
KENDALL,F,rare
KENDRA,F,uncommon
KENNEDY,F,rare
KENNETH,M,uncommon
KENT,M,rare
KENZI,F,rare
KENZIE,M,common
KENZIE,F,uncommon
KERI,F,uncommon
KERRI,F,common
KERRIE,F,common
KERRY,F,basic
KEVIN,M,basic
KEVINAS,M,rare
KEZIA,F,uncommon
KEZIAH,F,rare
KHALEESI,F,rare
KHLOE,F,uncommon
KIAH,F,rare
KIAN,M,common
KIANA,F,rare
KIANNA,F,rare
KIARA,F,rare
KIERA,F,common
KIERAN,M,basic
KIERNAN,M,rare
KIERON,M,uncommon
KIERSHA,F,rare
KIESHA,F,rare
KIEVA,F,rare
KILLIAN,M,basic
KIM,F,uncommon
KIMBERLEY,F,uncommon
KIMBERLY,F,uncommon
KINGA,F,rare
KINGSLEY,M,rare
KINGSTON,M,rare
KIRA,F,rare
KIRBY,F,rare
KIRK,M,uncommon
KIRSTEN,F,common
KIRSTIE,F,uncommon
KIRSTIN,F,rare
KIRSTY,F,common
KIRSTYN,F,rare
KITTY,F,uncommon
KLARA,F,uncommon
KLAUDIA,F,uncommon
KOBE,M,rare
KOBI,M,rare
KOBY,M,rare
KODI,M,rare
KODI,F,rare
KODIE,M,rare
KODIE,F,rare
KODY,M,uncommon
KOLBY,M,rare
KOLE,M,rare
KOLTON,M,rare
KONRAD,M,rare
KORA,F,rare
KORBEN,M,rare
KOREY,M,uncommon
KORI,M,rare
KORI,F,rare
KORNELIA,F,rare
KOURTNEY,F,rare
KRIS,M,uncommon
KRISTEN,F,uncommon
KRISTIAN,M,basic
KRISTIN,F,uncommon
KRISTINA,F,uncommon
KRISTOPHER,M,uncommon
KRISTUPAS,M,rare
KRYSTAL,F,rare
KRYSTIAN,M,rare
KRZYSZTOF,M,rare
KSAWERY,M,rare
KUBA,M,rare
KURT,M,rare
KURTIS,M,common
KYAN,M,rare
KYE,M,rare
KYLA,F,common
KYLAN,M,rare
KYLE,M,basic
KYLIE,F,rare
KYM,F,rare
KYNA,F,rare
KYRA,F,common
KYRAN,M,uncommon
KYRON,M,rare
LACEY,F,common
LACHLAN,M,uncommon
LACI,F,rare
LACIE,F,uncommon
LAILA,F,uncommon
LAINEY,F,rare
LANA,F,basic
LAOISE,F,common
LARA,F,basic
LARAGH,F,rare
LARISSA,F,uncommon
LARKIN,M,rare
LAUGHLIN,M,rare
LAURA,F,basic
LAUREEN,F,rare
LAUREN,F,basic
LAURENCE,M,rare
LAURIE,F,uncommon
LAURYN,F,common
LAVINIA,F,rare
LAWRENCE,M,rare
LAWSON,M,rare
LAYLA,F,common
LAYTON,M,rare
LEA,F,uncommon
LEAH,F,basic
LEANN,F,rare
LEANNA,F,rare
LEANNE,F,common
LEE,M,basic
LEIA,F,uncommon
LEIGH,M,rare
LEIGH,F,uncommon
LEIGHA,F,common
LEIGHTON,M,uncommon
LEILA,F,uncommon
LEILANI,F,rare
LEJA,F,rare
LELAND,M,rare
LENA,F,common
LENNON,M,common
LENNOX,M,uncommon
LEO,M,basic
LEON,M,basic
LEONA,F,basic
LEONARDO,M,rare
LEONI,F,rare
LEONIE,F,rare
LESLEY,F,rare
LETITIA,F,rare
LEVI,M,common
LEVI,F,rare
LEWIS,M,basic
LEXI,F,uncommon
LEXIE,F,common
LEYLA,F,rare
LEYTON,M,rare
LIA,F,rare
LIAM,M,basic
LIANA,F,rare
LIBBY,F,common
LIBERTY,F,rare
LIEPA,F,rare
LILA,F,uncommon
LILAH,F,rare
LILI,F,rare
LILIA,F,rare
LILIANA,F,uncommon
LILIANNA,F,rare
LILLI,F,rare
LILLIANNA,F,rare
LILLIE,F,common
LILLY,F,common
LILY,F,basic
LILYANNA,F,rare
LINCOLN,M,uncommon
LINDA,F,rare
LINDSAY,F,rare
LINDSEY,F,rare
LINZI,F,rare
LISA,F,common
LIVIA,F,rare
LLOYD,M,uncommon
LOCHLAINN,M,uncommon
LOCHLAN,M,rare
LOCHLANN,M,uncommon
LOGAN,M,basic
LOGAN,F,rare
LOGHAN,M,rare
LOIS,F,basic
LOLA,F,common
LORCAN,M,basic
LORELAI,F,rare
LOREN,F,rare
LORENZO,M,rare
LORI,F,uncommon
LORNA,F,uncommon
LORRAINE,F,rare
LOTTI,F,rare
LOTTIE,F,uncommon
LOUIE,M,common
LOUIS,M,basic
LOUISA,F,common
LOUISE,F,basic
LUAN,M,rare
LUC,M,rare
LUCA,M,common
LUCAS,M,basic
LUCCA,M,rare
LUCI,F,rare
LUCIA,F,basic
LUCIE,F,basic
LUCINDA,F,rare
LUCY,F,basic
LUGHAIDH,M,rare
LUIS,M,uncommon
LUISA,F,rare
LUKA,M,uncommon
LUKA,F,rare
LUKAS,M,common
LUKE,M,basic
LUNA,F,rare
LYDIA,F,basic
LYLA,F,uncommon
LYLE,M,rare
LYNDA,F,rare
LYNDON,M,rare
LYNDSAY,F,rare
LYNDSEY,F,uncommon
LYNN,F,rare
LYNSEY,F,rare
LYRA,F,rare
MABEL,F,rare
MACAULAY,M,rare
MACAULEY,M,rare
MACEY,F,uncommon
MACI,F,uncommon
MACIE,F,uncommon
MACIEJ,M,rare
MACKENZIE,M,common
MACKENZIE,F,uncommon
MACY,F,common
MADDIE,F,common
MADDISON,F,common
MADDOX,M,rare
MADDY,F,rare
MADELEINE,F,common
MADELINE,F,uncommon
MADELYN,F,rare
MADISON,F,basic
MADISSON,F,rare
MAE,F,rare
MAEBH,F,common
MAEVE,F,basic
MAGDALENA,F,rare
MAGGIE,F,common
MAGNUS,M,rare
MAIA,F,basic
MAIRE,F,rare
MAIREAD,F,basic
MAIRTIN,M,rare
MAISEY,F,rare
MAISIE,F,common
MAISON,M,rare
MAISY,F,common
MAITIU,M,rare
MAIYA,F,rare
MAIZIE,F,rare
MAJA,F,common
MAJELLA,F,rare
MAKAYLA,F,rare
MAKENZIE,M,rare
MAKENZIE,F,rare
MAKSIM,M,rare
MAKSYMILIAN,M,uncommon
MALACHI,M,uncommon
MALACHY,M,basic
MALCOLM,M,rare
MALIA,F,rare
MALLAIDH,F,rare
MANI,M,rare
MANTAS,M,rare
MANUS,M,common
MARC,M,basic
MARCEL,M,uncommon
MARCO,M,rare
MARCUS,M,basic
MARCY,F,rare
MARGARET,F,basic
MARIA,F,basic
MARIAH,F,rare
MARIANNA,F,rare
MARIANNE,F,uncommon
MARIE,F,common
MARILYN,F,rare
MARINA,F,rare
MARISSA,F,uncommon
MARK,M,basic
MARKAS,M,rare
MARKUS,M,rare
MARKUSS,M,rare
MARLEY,M,rare
MARLEY,F,rare
MARNIE,F,rare
MARSHALL,M,uncommon
MARTA,F,rare
MARTHA,F,basic
MARTIN,M,basic
MARTINA,F,uncommon
MARTINE,F,rare
MARTYN,M,rare
MARTYNA,F,uncommon
MARTYNAS,M,rare
MARY,F,basic
MARYAM,F,rare
MARYKATE,F,rare
MASON,M,basic
MATAS,M,common
MATEJ,M,rare
MATEUSZ,M,uncommon
MATHEW,M,uncommon
MATHIEU,M,rare
MATILDA,F,common
MATT,M,uncommon
MATTEO,M,rare
MATTHEW,M,basic
MAURA,F,rare
MAUREEN,F,rare
MAURICE,M,rare
MAX,M,basic
MAXIM,M,rare
MAXIMILIAN,M,uncommon
MAXWELL,M,uncommon
MAY,F,rare
MAYA,F,common
MAYAH,F,rare
MAZIE,F,rare
MCKENZIE,M,uncommon
MCKENZIE,F,rare
MEA,F,rare
MEABH,F,basic
MEADBH,F,rare
MEADHBH,F,uncommon
MEADOW,F,rare
MEAGAN,F,rare
MEAGHAN,F,uncommon
MEAH,F,rare
MEG,F,uncommon
MEGAN,F,basic
MEGHAN,F,basic
MEIA,F,rare
MEIBH,F,rare
MELANIE,F,common
MELANIJA,F,rare
MELISSA,F,basic
MELODY,F,rare
MIA,F,basic
MIAH,F,rare
MICAH,M,common
MICEAL,M,common
MICHAEL,M,basic
MICHAELA,F,basic
MICHAL,M,uncommon
MICHEAL,M,basic
MICHEALA,F,rare
MICHELLE,F,common
MIKAELA,F,rare
MIKAYLA,F,rare
MIKEY,M,uncommon
MIKOLAJ,M,uncommon
MILA,F,uncommon
MILAH,F,rare
MILANA,F,uncommon
MILENA,F,rare
MILES,M,rare
MILEY,F,uncommon
MILLIE,F,common
MILLY,F,rare
MILO,M,uncommon
MILOSZ,M,rare
MINNIE,F,rare
MIRIAM,F,uncommon
MIRREN,F,rare
MISCHA,F,rare
MITCHEL,M,rare
MITCHELL,M,common
MIYA,F,uncommon
MOHAMED,M,rare
MOHAMMAD,M,rare
MOHAMMED,M,uncommon
MOLLIE,F,basic
MOLLY,F,basic
MONICA,F,rare
MONIQUE,F,rare
MORGAN,M,basic
MORGAN,F,basic
MOYA,F,common
MUHAMMAD,M,uncommon
MUIREANN,F,uncommon
MURRAY,M,rare
MYA,F,common
MYAH,F,uncommon
MYIA,F,rare
MYLA,F,uncommon
MYLAH,F,rare
MYLEE,F,rare
MYLES,M,basic
MYLIE,F,uncommon
MYLO,M,rare
NADIA,F,basic
NADINE,F,common
NAIMH,F,rare
NAKITA,F,rare
NANCY,F,uncommon
NAOIMH,F,uncommon
NAOISE,M,uncommon
NAOISE,F,basic
NAOMH,F,uncommon
NAOMHAN,M,rare
NAOMI,F,basic
NATALIA,F,common
NATALIE,F,basic
NATALYA,F,rare
NATAN,M,rare
NATANIEL,M,uncommon
NATASHA,F,basic
NATASZA,F,rare
NATHAN,M,basic
NATHANAEL,M,rare
NATHANIEL,M,basic
NEAL,M,rare
NEALA,F,rare
NEAMH,F,rare
NEASA,F,rare
NED,M,rare
NEIL,M,basic
NEILAS,M,rare
NEILL,M,rare
NEITAS,M,rare
NELA,F,rare
NELL,F,rare
NESSA,F,rare
NEVAEH,F,uncommon
NEVE,F,common
NEVIN,M,rare
NIA,F,common
NIAL,M,rare
NIALL,M,basic
NIAMBH,F,rare
NIAMH,F,basic
NICHOLA,F,rare
NICHOLAS,M,basic
NICHOLE,F,rare
NICO,M,rare
NICOLA,F,basic
NICOLAS,M,uncommon
NICOLE,F,basic
NIGEL,M,rare
NIKITA,M,rare
NIKITA,F,basic
NIKKI,F,common
NIKKITA,F,rare
NIKODEM,M,uncommon
NIKOLA,F,uncommon
NIKOLAS,M,rare
NIKOLE,F,rare
NINA,F,basic
NISHA,F,rare
NOAH,M,basic
NOEL,M,basic
NOELLE,F,rare
NOJUS,M,uncommon
NOLA,F,rare
NORA,F,uncommon
NORAH,F,rare
NORMAN,M,rare
NUALA,F,common
NYAH,F,rare
NYLA,F,rare
OCEAN,F,rare
ODHRAN,M,basic
ODIN,M,rare
OISIN,M,basic
OLAF,M,rare
OLIVE,F,rare
OLIVER,M,basic
OLIVIA,F,basic
OLIVIER,M,uncommon
OLIWIA,F,uncommon
OLIWIER,M,uncommon
OLLIE,M,uncommon
OLLY,M,uncommon
OMAR,M,uncommon
OONAGH,F,basic
ORAN,M,basic
ORDHAN,M,rare
ORFHLAITH,F,rare
ORIN,M,rare
ORLA,F,basic
ORLAGH,F,basic
ORLAIGH,F,common
ORLAITH,F,basic
ORNA,F,rare
ORRAN,M,rare
ORRIN,M,rare
OSCAR,M,common
OSKAR,M,uncommon
OSKARAS,M,rare
OTIS,M,rare
OWEN,M,basic
PADDY,M,uncommon
PADHRAIC,M,rare
PADHRAIG,M,rare
PADRAIC,M,uncommon
PADRAIG,M,basic
PADRAIGIN,F,rare
PAIDI,M,uncommon
PAIGE,F,basic
PAOLO,M,rare
PARAIC,M,rare
PARIS,F,uncommon
PARKER,M,uncommon
PASCAL,M,rare
PATRICE,F,rare
PATRICIA,F,uncommon
PATRICK,M,basic
PATRYCJA,F,uncommon
PATRYK,M,uncommon
PAUL,M,basic
PAULA,F,common
PAULINA,F,uncommon
PAURIC,M,basic
PAWEL,M,rare
PAYTON,F,rare
PEADAR,M,basic
PEARCE,M,common
PEARSE,M,basic
PEGGY,F,rare
PENELOPE,F,uncommon
PENNIE,F,rare
PENNY,F,uncommon
PETER,M,basic
PEYTON,F,uncommon
PHELIM,M,uncommon
PHILIP,M,basic
PHILIPPA,F,uncommon
PHILLIP,M,uncommon
PHOEBE,F,basic
PHOENIX,M,rare
PIARAS,M,common
PIERCE,M,common
PIJUS,M,rare
PIOTR,M,uncommon
PIPER,F,rare
PIPPA,F,uncommon
PIXIE,F,uncommon
PODRAIG,M,rare
POL,M,uncommon
POLA,F,rare
POLLY,F,uncommon
POPPI,F,rare
POPPIE,F,rare
POPPY,F,basic
PRECIOUS,F,rare
PRESLEY,M,rare
PRESTON,M,common
PRIYA,F,rare
PYPER,F,rare
QUINN,M,uncommon
QUINN,F,rare
RACHAEL,F,basic
RACHEL,F,basic
RACHELLE,F,rare
RADHA,F,rare
RAFAEL,M,rare
RAICHEAL,F,rare
RAINA,F,rare
RALPH,M,uncommon
RAPHAEL,M,rare
RAVEN,F,rare
RAY,M,rare
RAYA,F,rare
RAYMOND,M,common
RAYYAN,M,rare
REA,F,rare
REAGAN,M,rare
REAGAN,F,rare
REANNA,F,rare
REANNE,F,rare
REBECCA,F,basic
REBEKA,F,rare
REBEKAH,F,basic
REBEKKA,F,rare
REECE,M,basic
REESE,M,rare
REESE,F,rare
REEVA,F,rare
REGAN,M,common
REGAN,F,common
REGGIE,M,rare
REID,M,rare
REILLY,M,uncommon
RENE,F,rare
RENEE,F,rare
REUBEN,M,basic
REX,M,rare
RHEA,F,common
RHEANNA,F,rare
RHIA,F,uncommon
RHIAN,F,uncommon
RHIANNA,F,common
RHIANNE,F,rare
RHIANNON,F,common
RHONA,F,rare
RHYLAN,M,rare
RHYS,M,basic
RIA,F,common
RIAH,F,rare
RIAIN,M,uncommon
RIAN,M,basic
RIANNA,F,rare
RICHARD,M,basic
RICHIE,M,rare
RICKY,M,rare
RIHANNA,F,uncommon
RILEY,M,common
RILEY,F,common
RIO,M,common
RIOGHAN,M,rare
RIOGHNACH,F,uncommon
RIONA,F,basic
RIONACH,F,uncommon
ROAN,M,common
ROBBIE,M,basic
ROBERT,M,basic
ROBERTA,F,rare
ROBIN,M,basic
ROBIN,F,rare
ROBYN,F,basic
ROCCO,M,uncommon
ROCHELLE,F,rare
ROGAN,M,uncommon
ROHAN,M,common
ROISE,F,basic
ROISIN,F,basic
ROKAS,M,rare
ROKSANA,F,rare
ROMA,F,uncommon
ROMAN,M,uncommon
ROMY,F,rare
RONAN,M,basic
RONIN,M,rare
RONNIE,M,rare
RORY,M,basic
ROSA,F,common
ROSANNA,F,rare
ROSE,F,basic
ROSEANNA,F,rare
ROSEMARY,F,uncommon
ROSEY,F,rare
ROSIE,F,basic
ROSS,M,basic
ROSSA,M,common
ROWAN,M,basic
ROWAN,F,rare
ROXANNE,F,rare
ROXY,F,rare
ROY,M,uncommon
RUA,F,rare
RUADHAN,M,uncommon
RUAIDHRI,M,rare
RUAIRI,M,basic
RUAN,M,rare
RUARI,M,uncommon
RUBEN,M,common
RUBI,F,rare
RUBIE,F,rare
RUBY,F,basic
RUDI,M,uncommon
RUDY,M,uncommon
RUSSELL,M,rare
RUTH,F,basic
RYAN,M,basic
RYANNA,F,rare
RYLAN,M,rare
RYLEE,M,uncommon
RYLEE,F,rare
RYLEY,M,uncommon
RYLIE,M,uncommon
SABRINA,F,rare
SACHA,F,uncommon
SADBH,F,rare
SADHBH,F,uncommon
SADIE,F,common
SAERLAITH,F,rare
SAFFRON,F,uncommon
SAFIYA,F,rare
SALLY,F,uncommon
SAM,M,basic
SAMANTA,F,rare
SAMANTHA,F,basic
SAMARA,F,uncommon
SAMMY,M,rare
SAMSON,M,rare
SAMUEL,M,basic
SANDRA,F,uncommon
SANTIAGO,M,rare
SAOIRSE,F,basic
SAORLA,F,uncommon
SAORLAITH,F,uncommon
SARA,F,basic
SARAH,F,basic
SASHA,F,basic
SASKIA,F,uncommon
SAUL,M,basic
SAVANNA,F,rare
SAVANNAH,F,common
SCARLET,F,uncommon
SCARLETT,F,common
SCOT,M,rare
SCOTT,M,basic
SE,M,common
SEAMUS,M,basic
SEAN,M,basic
SEANA,F,common
SEANAN,M,rare
SEANAN,F,rare
SEANEEN,F,rare
SEANIN,F,rare
SEANNA,M,rare
SEANNA,F,rare
SEBASTIAN,M,common
SELINA,F,rare
SENAN,M,common
SEONA,F,rare
SEREN,F,uncommon
SERENA,F,basic
SERENITY,F,rare
SETANTA,M,rare
SETH,M,common
SHAE,M,rare
SHAKIRA,F,uncommon
SHANA,F,rare
SHANE,M,basic
SHANEEN,F,rare
SHANIA,F,basic
SHANICE,F,common
SHANNA,F,uncommon
SHANNAGH,F,rare
SHANNAN,F,rare
SHANNEN,F,rare
SHANNON,F,basic
SHANTELLE,F,rare
SHARON,F,uncommon
SHAUN,M,basic
SHAUNA,F,basic
SHAUNEEN,F,uncommon
SHAY,M,basic
SHAYNE,M,uncommon
SHEA,M,basic
SHEILA,F,rare
SHELBY,F,uncommon
SHELLEY,F,rare
SHELLY,F,rare
SHEREE,F,rare
SHIRLEY,F,rare
SHONA,F,common
SHONAGH,F,rare
SHREYA,F,rare
SIAN,F,basic
SIENA,F,rare
SIENNA,F,common
SIERRA,F,rare
SIFN,F,rare
SIMAS,M,rare
SIMON,M,basic
SIMONE,F,uncommon
SINEAD,F,basic
SIOBHAN,F,common
SIOFRA,F,common
SIOMHA,F,rare
SIONAINN,F,rare
SIUN,F,rare
SKY,F,rare
SKYE,F,common
SKYLA,F,rare
SKYLAR,F,rare
SKYLER,F,rare
SOFIA,F,common
SOFIE,F,uncommon
SOFIJA,F,rare
SOL,M,uncommon
SOLOMON,M,rare
SOMMER,F,rare
SONIA,F,rare
SONNY,M,uncommon
SOPHIA,F,basic
SOPHIE,F,basic
SORCHA,F,basic
SPENCER,M,uncommon
STACEY,F,common
STANISLAW,M,rare
STANLEY,M,rare
STAR,F,rare
STEFAN,M,basic
STELLA,F,uncommon
STEPHANIE,F,basic
STEPHEN,M,basic
STEVE,M,rare
STEVEN,M,basic
STEVIE,M,rare
STEVIE,F,rare
STEWART,M,uncommon
STIOFAN,M,rare
STORM,F,rare
STUART,M,basic
SUMMER,F,basic
SUSAN,F,common
SUSANNA,F,common
SUSANNAH,F,uncommon
SUSANNE,F,rare
SUZANNA,F,rare
SUZANNAH,F,rare
SUZANNE,F,uncommon
SYDNEY,F,rare
SYLVIE,F,rare
SZYMON,M,uncommon
TABITHA,F,common
TADHG,M,common
TAI,M,rare
TAJUS,M,rare
TALIA,F,uncommon
TAMARA,F,common
TAMMIE,F,rare
TAMMY,F,uncommon
TAMSIN,F,rare
TAMZIN,F,common
TANIA,F,rare
TANISHA,F,uncommon
TANYA,F,uncommon
TARA,F,basic
TARLACH,M,rare
TARYN,F,rare
TASHA,F,rare
TATE,M,rare
TAYLOR,M,basic
TAYLOR,F,basic
TEAGAN,F,common
TEAGHAN,F,rare
TED,M,rare
TEDDIE,M,rare
TEDDY,M,rare
TEGAN,F,basic
TEIGAN,F,rare
TEIGHAN,F,rare
TEIRNA,F,rare
TEJA,F,rare
TERENCE,M,common
TERESA,F,uncommon
TERI,F,rare
TERRI,F,rare
TERRY,M,uncommon
TESS,F,common
TESSA,F,uncommon
THEA,F,common
THEO,M,common
THEODOR,M,rare
THEODORE,M,uncommon
THERESA,F,rare
THERESE,F,common
THERSSE,F,rare
THOM,M,rare
THOMAS,M,basic
TIA,F,basic
TIANA,F,common
TIANNA,F,common
TIARNA,F,common
TIARNACH,M,rare
TIARNAN,M,basic
TIEGAN,F,uncommon
TIERNA,F,common
TIERNAGH,F,rare
TIERNAN,M,basic
TIFFANY,F,common
TIGHEARNAN,M,rare
TILLIE,F,rare
TILLY,F,common
TIM,M,rare
TIMOTHY,M,basic
TIMUR,M,rare
TINA,F,rare
TITAS,M,rare
TNA,F,rare
TOBIAS,M,common
TOBY,M,basic
TODD,M,uncommon
TOLUWANIMI,F,rare
TOM,M,basic
TOMAS,M,basic
TOMASZ,M,rare
TOMMY,M,common
TONI,F,basic
TONICHA,F,rare
TONY,M,basic
TORI,F,basic
TORIN,M,uncommon
TORY,F,rare
TRACEY,F,rare
TRAVIS,M,basic
TREASA,F,rare
TREVOR,M,uncommon
TRINITY,F,uncommon
TRISTAN,M,basic
TRISTIN,M,rare
TROY,M,basic
TRUDY,F,rare
TULISA,F,rare
TURLOUGH,M,uncommon
TY,M,uncommon
TYANA,F,rare
TYE,M,rare
TYLER,M,basic
TYLER,F,rare
TYLOR,M,rare
TYMON,M,rare
TYMOTEUSZ,M,rare
TYRESE,M,rare
TYRONE,M,uncommon
UGNE,F,uncommon
ULTAN,M,common
UNA,F,basic
URSULA,F,uncommon
URTE,F,rare
VALENTINA,F,rare
VANESA,F,rare
VANESSA,F,common
VAUGHN,M,rare
VERONICA,F,rare
VICKY,F,rare
VICTOR,M,uncommon
VICTORIA,F,basic
VIKTORIA,F,rare
VILTE,F,rare
VINCENT,M,basic
VIOLET,F,uncommon
VIVIEN,F,rare
VIVIENNE,F,rare
WARREN,M,common
WAYNE,M,rare
WENDY,F,rare
WERONIKA,F,uncommon
WESLEY,M,rare
WHITNEY,F,rare
WIKTOR,M,rare
WIKTORIA,F,uncommon
WILL,M,common
WILLIAM,M,basic
WILLOW,F,uncommon
WILSON,M,rare
WINNIE,F,rare
WOJCIECH,M,uncommon
WOODY,M,rare
WYATT,M,rare
XANDER,M,rare
XAVIER,M,rare
XIN,F,rare
YASMIN,F,basic
YASMINE,F,rare
YAZMIN,F,uncommon
YOUSEF,M,rare
YUSUF,M,rare
YVIE,F,rare
YVONNE,F,rare
ZAC,M,basic
ZACH,M,basic
ZACHARIAH,M,uncommon
ZACHARY,M,basic
ZACK,M,basic
ZAHRA,F,rare
ZAIN,M,rare
ZAK,M,basic
ZAKK,M,rare
ZANDER,M,rare
ZANE,M,uncommon
ZARA,F,basic
ZARAH,F,rare
ZAYN,M,rare
ZIVA,F,rare
ZOE,F,basic
ZOEY,F,uncommon
ZOFIA,F,uncommon
ZUZANNA,F,uncommon
